ID,EMAIL,NAME,SURNAME,PASSWORD,DESCRIPTION
80,bjones27@java.com,Brian,Jones,$2a$10$ZFiQfFFB7P3UilALUnHoheBZ7OxMiSuTCtNAaxMCZnvYd8vd9RSu.,quisque erat eros viverra eget congue
81,mgray28@nifty.com,Mildred,Gray,$2a$10$ZFiQfFFB7P3UilALUnHoheBZ7OxMiSuTCtNAaxMCZnvYd8vd9RSu.,quisque erat eros viverra eget congue
82,jjackson29@earthlink.net,Joseph,Jackson,$2a$10$ZFiQfFFB7P3UilALUnHoheBZ7OxMiSuTCtNAaxMCZnvYd8vd9RSu.,quisque erat eros viverra eget congue
83,jcruz2a@bluehost.com,Janice,Cruz,$2a$10$ZFiQfFFB7P3UilALUnHoheBZ7OxMiSuTCtNAaxMCZnvYd8vd9RSu.,quisque erat eros viverra eget congue
84,dreynolds2b@miibeian.gov.cn,David,Reynolds,$2a$10$ZFiQfFFB7P3UilALUnHoheBZ7OxMiSuTCtNAaxMCZnvYd8vd9RSu.,quisque erat eros viverra eget congue
85,khawkins2c@mapy.cz,Kathryn,Hawkins,$2a$10$ZFiQfFFB7P3UilALUnHoheBZ7OxMiSuTCtNAaxMCZnvYd8vd9RSu.,quisque erat eros viverra eget congue
86,janderson2d@nbcnews.com,James,Anderson,$2a$10$ZFiQfFFB7P3UilALUnHoheBZ7OxMiSuTCtNAaxMCZnvYd8vd9RSu.,quisque erat eros viverra eget congue
87,ssims2e@163.com,Sarah,Sims,$2a$10$ZFiQfFFB7P3UilALUnHoheBZ7OxMiSuTCtNAaxMCZnvYd8vd9RSu.,quisque erat eros viverra eget congue
88,hramos2f@hud.gov,Henry,Ramos,$2a$10$ZFiQfFFB7P3UilALUnHoheBZ7OxMiSuTCtNAaxMCZnvYd8vd9RSu.,quisque erat eros viverra eget congue
89,bcruz2g@shinystat.com,Brian,Cruz,$2a$10$ZFiQfFFB7P3UilALUnHoheBZ7OxMiSuTCtNAaxMCZnvYd8vd9RSu.,quisque erat eros viverra eget congue
90,rthompson2h@admin.ch,Rachel,Thompson,$2a$10$ZFiQfFFB7P3UilALUnHoheBZ7OxMiSuTCtNAaxMCZnvYd8vd9RSu.,quisque erat eros viverra eget congue
91,mcastillo2i@twitpic.com,Margaret,Castillo,$2a$10$ZFiQfFFB7P3UilALUnHoheBZ7OxMiSuTCtNAaxMCZnvYd8vd9RSu.,I'm fine
92,kcunningham2j@canalblog.com,Katherine,Cunningham,$2a$10$ZFiQfFFB7P3UilALUnHoheBZ7OxMiSuTCtNAaxMCZnvYd8vd9RSu.,Thanks
93,jwood2k@gizmodo.com,Juan,Wood,$2a$10$ZFiQfFFB7P3UilALUnHoheBZ7OxMiSuTCtNAaxMCZnvYd8vd9RSu.,Hello
94,astewart2l@stanford.edu,Ashley,Stewart,$2a$10$ZFiQfFFB7P3UilALUnHoheBZ7OxMiSuTCtNAaxMCZnvYd8vd9RSu.,quisque erat eros viverra eget congue
95,ccook2m@51.la,Chris,Cook,$2a$10$ZFiQfFFB7P3UilALUnHoheBZ7OxMiSuTCtNAaxMCZnvYd8vd9RSu.,quisque erat eros viverra eget congue
96,rwallace2n@usnews.com,Rebecca,Wallace,$2a$10$ZFiQfFFB7P3UilALUnHoheBZ7OxMiSuTCtNAaxMCZnvYd8vd9RSu.,quisque erat eros viverra eget congue
97,fdixon2o@livejournal.com,Frank,Dixon,$2a$10$ZFiQfFFB7P3UilALUnHoheBZ7OxMiSuTCtNAaxMCZnvYd8vd9RSu.,quisque erat eros viverra eget congue
98,kpeters2p@live.com,Kathryn,Peters,$2a$10$ZFiQfFFB7P3UilALUnHoheBZ7OxMiSuTCtNAaxMCZnvYd8vd9RSu.,quisque erat eros viverra eget congue
99,rhansen2q@unicef.org,Robin,Hansen,$2a$10$ZFiQfFFB7P3UilALUnHoheBZ7OxMiSuTCtNAaxMCZnvYd8vd9RSu.,quisque erat eros viverra eget congue
100,jlong2r@phpbb.com,Judy,Long,$2a$10$ZFiQfFFB7P3UilALUnHoheBZ7OxMiSuTCtNAaxMCZnvYd8vd9RSu.,quisque erat eros viverra eget congue